node_id,name,kind,state,population,population_known
AGT,Krishna Nagar,suburb,Tripura,0,0
AZL,Aizawl,city,Mizoram,291822,1
CCP,Bungmual,village,Manipur,4500,1
CHP,Zotlang,village,Mizoram,0,0
DBG,Dibrugarh,city,Assam,140000,1
DPU,Diphu,town,Assam,0,0
GAU,Jyotikuchi,suburb,Assam,0,0
GLG,Golaghat,city,Assam,60782,1
GTK,Gangtok,city,Sikkim,100300,1
HFL,Retzol,village,Assam,0,0
IMP,Imphal,city,Manipur,500000,1
ITN,Doni Colony,village,Arunachal Pradesh,0,0
JGP,Jogighopa,village,Assam,0,0
JWI,Jowai,town,Meghalaya,5000,1
KHM,Phesama,village,Nagaland,0,0
KRJ,Karimganj,town,Assam,0,0
LGL,Theriat,village,Mizoram,0,0
LMD,Lumding,town,Assam,31347,1
MKG,Mokokchung,town,Nagaland,35913,1
NGN,Nagaon,city,Assam,117700,1
NHL,Naharlagun,town,Arunachal Pradesh,0,0
NLK,North Lakhimpur,town,Assam,50000,1
NMS,Nongkham,village,Arunachal Pradesh,0,0
SLG,Matigara,suburb,West Bengal,0,0
TSK,Tinsukia,town,Assam,10000,1
TUR,Tura,town,Meghalaya,5000,1
TWG,Famla,village,Arunachal Pradesh,0,0
TZP,Tezpur,town,Assam,5000,1
UDP,Udaipur,town,Tripura,37781,1
WKH,Wokha,town,Nagaland,35004,1
ZRO,Silyo,hamlet,Arunachal Pradesh,0,0
n10106865512,Billbari,hamlet,Assam,0,0
n10155070562,Tinalingaon,village,Arunachal Pradesh,0,0
n10264865634,Koijam Maring,village,Manipur,0,0
n10265667796,Chaobok,town,Manipur,0,0
n10316679681,Gandacherra,town,Tripura,10000,1
n10536208468,Sagarpar,hamlet,Assam,0,0
n10536208546,Buranga,hamlet,Assam,0,0
n10557043312,Nawājisnagar,hamlet,Assam,0,0
n10558774212,Anglabazar,hamlet,Assam,0,0
n10564426749,Thamua,hamlet,Assam,0,0
n10572259747,Lalpool,village,Assam,0,0
n10845972370,Nafra,town,Arunachal Pradesh,0,0
n10867319160,Bumdirla,hamlet,Arunachal Pradesh,0,0
n10892870784,Gohpur,town,Arunachal Pradesh,0,0
n10972380780,Tsiemekhuma Basa,village,Nagaland,0,0
n11032046977,Karbook,village,Tripura,0,0
n1118544427,Pecharthal,village,Tripura,0,0
n1118544750,Panisagar,town,Tripura,0,0
n1118584799,Khongsai Veng,suburb,Manipur,0,0
n1118729593,Changliang,village,Arunachal Pradesh,0,0
n1118732509,Laxmi Nagar,village,Arunachal Pradesh,0,0
n1132321938,Kalchini,town,Assam,1000,1
n1132376303,Sukna Cantonment,suburb,West Bengal,0,0
n1132413540,Changrabandha,suburb,West Bengal,0,0
n1133013618,Galgalia,village,West Bengal,0,0
n1133695009,Malou Pahar,village,Arunachal Pradesh,0,0
n1133695888,Bargolai,hamlet,Assam,0,0
n11357444667,Howraghat,village,Assam,0,0
n11511548232,吴旁,hamlet,Arunachal Pradesh,0,0
n11665421894,Baghbor,village,Assam,0,0
n11829398739,Bagrakote,village,West Bengal,0,0
n1185178063,Yangse,village,Assam,0,0
n11871412310,Banchukamari,hamlet,Assam,0,0
n11887138344,Sherfanguri,village,Assam,0,0
n11917706361,Kajalgaon,town,Assam,0,0
n11926973525,Mānikpur,hamlet,Assam,0,0
n11926976110,Pānbāri,hamlet,Assam,0,0
n11926976685,Bānduguri,hamlet,Assam,0,0
n11935315896,Garubhāsa,village,Assam,0,0
n11982707862,Jalukbari,suburb,Assam,0,0
n12051472955,Kātāligaon,hamlet,Assam,0,0
n12072966690,Kheraikuchi,suburb,Assam,0,0
n12083846937,Dibong (Singpho Village),village,Assam,0,0
n12086064850,Islampur,village,Arunachal Pradesh,0,0
n12086238930,Tālpātāgaon,hamlet,Arunachal Pradesh,0,0
n12097804860,Sāpekhāti,hamlet,Assam,0,0
n12118121182,Khutākata,hamlet,Assam,0,0
n12128302701,Charāibāhi,hamlet,Assam,0,0
n12128302717,Gariāgaon,hamlet,Assam,0,0
n12133486640,Hollogaon,hamlet,Arunachal Pradesh,0,0
n12188885953,Neepco Colony,hamlet,Meghalaya,0,0
n12195811774,Molko,hamlet,Assam,0,0
n12216993186,Tibong,hamlet,Assam,0,0
n12269691195,Dhalchhara,hamlet,Mizoram,0,0
n12269700094,Dhalchhara,hamlet,Mizoram,0,0
n12269716950,Dhalchhara,hamlet,Mizoram,0,0
n12302763205,Kabairbond,hamlet,Assam,0,0
n12335680310,Lakhipur,hamlet,Assam,0,0
n12398775095,Billibari,hamlet,Assam,0,0
n12398783654,Raghurtuk,hamlet,Assam,0,0
n12398805010,Tukerbazar,hamlet,Assam,0,0
n12398816121,Isaganj,hamlet,Assam,0,0
n12398876999,Borchahaki,village,Assam,0,0
n12434556965,Thinghlun,hamlet,Tripura,0,0
n12466572652,Holongi,village,Arunachal Pradesh,0,0
n12466597220,Rajgorh,village,Arunachal Pradesh,0,0
n12527860812,Dāoblibdīsa,hamlet,Assam,0,0
n1262084753,Betasing,village,Meghalaya,0,0
n1262084969,Mendipathar,village,Assam,0,0
n1262085299,Singrimari,village,Assam,5000,1
n1296579094,Jairampur,town,Arunachal Pradesh,0,0
n1296579156,Nampong,village,Arunachal Pradesh,0,0
n1296579735,Namchik,village,Arunachal Pradesh,0,0
n1296596611,Kamba,village,Arunachal Pradesh,0,0
n1296646659,Badharghat,suburb,Tripura,0,0
n1296646810,Kunjaban,suburb,Tripura,0,0
n1296647009,Radha Nagar,suburb,Tripura,0,0
n1299581260,Paltan Bazar,suburb,Assam,0,0
n13002309297,Āmbāri,hamlet,Assam,0,0
n1313341337,Biprit,hamlet,West Bengal,0,0
n1313341345,Baniatol,hamlet,West Bengal,0,0
n1313342221,Paschim Mankadanga,village,West Bengal,1011,1
n1313342222,Kundargoan,village,West Bengal,3306,1
n1313342838,Garnabari,village,West Bengal,224,1
n1313342998,Ghoramara,village,West Bengal,0,0
n1313343204,Deshbandhu Para,suburb,West Bengal,0,0
n1313343219,Matikunda,village,West Bengal,4529,1
n1313343221,Nanchankula,village,West Bengal,1700,1
n1313343280,Islampur,town,West Bengal,54340,1
n1313343282,Uttar Tuthipakar,village,West Bengal,529,1
n1313343361,Mela Math,suburb,West Bengal,0,0
n1313388957,Gunjaria,village,West Bengal,4470,1
n1313388981,Aliganj,village,West Bengal,0,0
n1313388993,Adhibasipara,hamlet,West Bengal,0,0
n1313389013,State Farm Colony,suburb,West Bengal,0,0
n1313389015,Illuabari,village,West Bengal,3921,1
n1313389031,Srikrishnapur,suburb,West Bengal,0,0
n1313389047,Dohaso,village,West Bengal,13323,1
n1313389180,Manikpur,village,West Bengal,3980,1
n1313389184,Ramganj,village,West Bengal,0,0
n1313389707,Dakshin Dhamargachh,village,West Bengal,0,0
n1313568860,Ghospukur,village,West Bengal,0,0
n1313569066,Phansidewa Hat,village,West Bengal,1000,1
n1313569273,Sitaguri,village,West Bengal,0,0
n1314432919,Tindharia,village,West Bengal,0,0
n1315563843,Siliguri,city,West Bengal,1572000,1
n1323790772,Phulbari,suburb,West Bengal,0,0
n1329755609,Darugiri,village,Meghalaya,0,0
n1329756251,Dambo Rongjeng,village,Assam,0,0
n1329759680,Dudhnai,town,Assam,5000,1
n1344230878,Pankhabari,village,West Bengal,0,0
n1344373928,Mirik,town,West Bengal,0,0
n1345435465,Dudhia,village,West Bengal,0,0
n1345697449,Maynaguri,town,West Bengal,30490,1
n1345697589,Lataguri,village,West Bengal,0,0
n1345697825,Dhupguri,town,West Bengal,0,0
n1345733537,Gayerkata,village,West Bengal,0,0
n1346388174,Pātiladaha,hamlet,Assam,0,0
n1346388230,North Salmara,village,Assam,0,0
n1346434848,Patacharkuchi,village,Assam,0,0
n1347032651,Charāikhola,hamlet,Assam,0,0
n1347032657,Kokrajhar,town,Assam,0,0
n1347487501,Hamiltonganj,town,Assam,0,0
n1347487512,Dakshin Chakoakheti,hamlet,Assam,0,0
n1347487530,Rajabhatkhawa,village,Assam,0,0
n1347704800,Jayanti,village,Assam,0,0
n1347750879,Kamakhyaguri,town,Assam,0,0
n1347750931,Rasik Bil,hamlet,Assam,0,0
n1347751300,Kumargram,village,Assam,0,0
n1347779394,Laskarpara,suburb,Assam,0,0
n1348237444,Paren,village,Sikkim,0,0
n1348237595,Menglass Tea Garden,village,West Bengal,0,0
n1348237707,Jhalong,village,Sikkim,0,0
n1349065775,Baneshwar,village,Assam,0,0
n1349065959,Birpara,hamlet,Assam,0,0
n1349326438,Koch Bihar,city,Assam,106760,1
n1351480932,Goreswar,town,Assam,0,0
n1351480961,Naokata,village,Assam,0,0
n13525786506,B. Munpi,village,Manipur,110,1
n1354934707,Bilasipara,town,Assam,0,0
n1354934773,Phutkibari,village,Assam,0,0
n1355287719,Dotma,village,Assam,0,0
n1355674134,Bāsugaon,village,Assam,0,0
n1355674645,New Bongaigon,suburb,Assam,0,0
n1356726182,Molcham,village,Manipur,815,1
n1359960908,Khunamukh,village,Assam,0,0
n1359960948,Chutia,village,Assam,0,0
n1359960956,Jamugurihat,village,Assam,0,0
n1359961074,Bishwanath Charaili,town,Assam,0,0
n1364340436,Ananda Nagar,suburb,Assam,0,0
n1364588635,Rukimininagar,suburb,Assam,0,0
n1364608047,Hengrabari,suburb,Assam,0,0
n13780340168,Malangi Tea Garden,village,West Bengal,0,0
n1403967946,Pathsala,town,Assam,0,0
n1404298037,Miao,town,Arunachal Pradesh,0,0
n1412092843,Dangra Dangri,village,West Bengal,0,0
n1412092943,Fatehabad,village,West Bengal,0,0
n1425144163,Khangshim,village,Manipur,0,0
n1425144171,Kakching,town,Manipur,0,0
n1425144199,Uchiwa,village,Manipur,3783,1
n1425144202,Mayang Imphal,village,Manipur,0,0
n1435225985,Seren,village,Assam,0,0
n1435440731,Sisi Bargaon,village,Assam,5000,1
n1435440734,Likabali,village,Assam,0,0
n1437216069,巴麦,village,Arunachal Pradesh,0,0
n1449670767,Lautisi,hamlet,Assam,0,0
n1463090962,Yabab,hamlet,Arunachal Pradesh,0,0
n1463091034,Thirlam,hamlet,Arunachal Pradesh,0,0
n1463091929,Sirdi,village,Arunachal Pradesh,0,0
n1472750636,Salema,village,Tripura,0,0
n1477924176,Sangkalang,village,Sikkim,0,0
n1477987346,Melli Bāzār,suburb,Sikkim,0,0
n1477987372,Phong,village,Sikkim,0,0
n1495287202,Borhowa,hamlet,Assam,0,0
n1495483960,Gingia,village,Arunachal Pradesh,0,0
n1516328259,Khowai,town,Tripura,0,0
n1596351004,Rabindrapur,village,West Bengal,0,0
n1596351205,Panitanki,town,West Bengal,0,0
n1600752221,Kajoli,village,Assam,0,0
n1600752242,Bura Mayang,village,Meghalaya,0,0
n1600752246,মায়ং,village,Meghalaya,0,0
n1621474344,Sonapur,village,Assam,2320,1
n1621474935,Dudpatil,suburb,Assam,0,0
n1621474982,Pānigrām,hamlet,Assam,0,0
n1636922907,Kāsomārigaon,village,Assam,0,0
n1668477077,Borghat,village,Assam,0,0
n1668477348,Rupahi,village,Assam,0,0
n1668496656,Rangapara,town,Assam,0,0
n1676604100,Harmutigaon,village,Arunachal Pradesh,0,0
n1676938852,Simaluguri,village,Assam,0,0
n1676939136,Chengdharagaon,hamlet,Assam,0,0
n1676939158,Rajgarh Chariali,village,Assam,0,0
n1676939159,Borkhola,suburb,Assam,0,0
n1676970400,Mandia,village,Assam,0,0
n1683315334,Kyangsala,village,Sikkim,0,0
n1683573506,Lengpui,town,Mizoram,0,0
n1692786572,Nirjuli,suburb,Arunachal Pradesh,0,0
n1696836975,Yupia,village,Arunachal Pradesh,0,0
n1698245595,Pan Bazar,suburb,Assam,0,0
n1698434486,Chitre basti,village,Assam,0,0
n1698434919,Tenga,village,Assam,0,0
n1698495015,Rupa,town,Arunachal Pradesh,0,0
n1698495570,Salari,village,Arunachal Pradesh,0,0
n1699645897,Romdum,village,Arunachal Pradesh,0,0
n1699645904,Mebo,town,Arunachal Pradesh,0,0
n1699646033,Silluk,village,Arunachal Pradesh,0,0
n1699646116,博马科,village,Arunachal Pradesh,0,0
n1699697363,Aohali Pobleng,village,Arunachal Pradesh,0,0
n1699697456,Dambuk,town,Arunachal Pradesh,0,0
n1722857685,Lamshang,village,Manipur,0,0
n1722857700,Kharang Koireng,village,Manipur,1303,1
n1722857719,Kharam Thadoi,hamlet,Manipur,159,1
n1722857757,Kanto,village,Manipur,977,1
n1722857778,Leimakhong,town,Manipur,3544,1
n1722857858,Khunkhu Naga,village,Manipur,798,1
n1786434999,Rupaichhari,village,Tripura,0,0
n1795605123,Siaha,town,Mizoram,5000,1
n1795712208,Tuipang,town,Mizoram,0,0
n1795712455,Tisi,village,Mizoram,0,0
n1795719080,Seling,village,Mizoram,0,0
n1802870518,Tirap,suburb,Arunachal Pradesh,0,0
n1810911611,Bishwanath Ghat,village,Assam,0,0
n1811241144,Moreh,town,Manipur,15000,1
n1811322234,Marigaon,town,Assam,5000,1
n1811322236,Kamalabari,suburb,Assam,0,0
n1811322239,Kahibari,town,Assam,0,0
n1811322261,Tamulibari,village,Assam,0,0
n1811322293,Bhuragaon,town,Assam,0,0
n1811322588,Dibāng Chāpari,hamlet,Arunachal Pradesh,0,0
n1811387541,Williamnagar,town,Meghalaya,0,0
n1811463215,Barangajuli,village,Assam,0,0
n1811698417,Tufanganj,town,Assam,0,0
n1811823755,Dewanganj,village,West Bengal,0,0
n1811823832,Anguldekha,village,West Bengal,0,0
n1811823845,Haldibari,town,West Bengal,0,0
n1821511784,Ranaghat,hamlet,Arunachal Pradesh,0,0
n1848134155,Sinzawl,village,Manipur,0,0
n1848135971,Muolvaiphei,village,Manipur,0,0
n1848135982,Rengkai,town,Manipur,8293,1
n1848135992,Khumujamba Leikaii,suburb,Manipur,0,0
n1848136381,Yaingangpokpi,village,Manipur,500,1
n1848136383,Sikibung,village,Manipur,1084,1
n1848136492,Lungphu,village,Manipur,776,1
n1848137167,Lakhamai,village,Nagaland,4822,1
n1848137251,Jessami,town,Nagaland,0,0
n1848777309,Kaochao 'E',village,Mizoram,0,0
n1848821189,Pala,village,Mizoram,0,0
n1848821514,No-aotlah,village,Mizoram,0,0
n1848821764,Saikao,village,Mizoram,0,0
n1858242057,Bishalgarh,town,Tripura,0,0
n1880368236,Pātiladaha,hamlet,Assam,0,0
n1880368273,Paschim Jitpur,hamlet,Assam,0,0
n1880382265,Dakshin Kantadighi Kumarpara,village,West Bengal,0,0
n1880382314,Kantadighi Kumarpara,village,West Bengal,0,0
n1884960404,Malek,village,Arunachal Pradesh,0,0
n1884960442,Roing,town,Arunachal Pradesh,0,0
n1884960489,Bomjir,village,Arunachal Pradesh,0,0
n1939422436,Nimati,village,Assam,0,0
n1939438876,Kumar Gaon,village,Assam,0,0
n1939485065,Lahdoigarh,village,Assam,0,0
n1986849200,贡岗,village,Assam,0,0
n1987687456,Rowriah/ jail Road Area,suburb,Assam,0,0
n1987687546,Dhalājān,hamlet,Assam,0,0
n1987718922,Macharhat,suburb,Assam,0,0
n1987948515,Titabor,town,Assam,0,0
n1988646265,Chamurchi,village,Sikkim,0,0
n2035724199,Pratapi Para,hamlet,Assam,0,0
n2035724236,Bikrampur,hamlet,Assam,0,0
n2035724347,Kirishanpur,hamlet,Assam,0,0
n2035724540,Tarapur,suburb,Assam,0,0
n2051081415,Longai,hamlet,Assam,0,0
n2081914303,Algapur,village,Assam,0,0
n2081914312,Masimpur,village,Assam,0,0
n2081914809,Badarpur,town,Assam,0,0
n2081915069,Garerband,hamlet,Assam,0,0
n2081915097,Barākhola,hamlet,Assam,0,0
n2081966204,Laisong,village,Assam,0,0
n2083680172,Bairabi,town,Mizoram,0,0
n2084596680,Teikhang,village,Mizoram,0,0
n2084597038,Tuilaphai,village,Manipur,0,0
n2084597051,Mahou,village,Manipur,0,0
n2084597071,Wangoo,village,Manipur,9148,1
n2084597157,Island,village,Manipur,0,0
n2084597158,Nungourok,village,Manipur,0,0
n2084597259,Ankhasuo,village,Assam,1841,1
n2084597265,Durgapur,village,Assam,434,1
n2084597284,Jakuradhor Part-1,village,Assam,1486,1
n2084597288,Guakhal,village,Assam,824,1
n2084597292,Borobekra,village,Assam,741,1
n2084597301,Chotobekra,village,Assam,1345,1
n2084663067,Sibong,village,Manipur,0,0
n2084663102,Jouzangtek,village,Manipur,391,1
n2084663524,Jampi,village,Manipur,0,0
n2084663528,Middle Katang,hamlet,Manipur,0,0
n2084692474,Siangai Namkao,village,Manipur,0,0
n2084692480,K. Hengmol,village,Manipur,0,0
n2084692485,L. Thingphai,village,Manipur,189,1
n2084692486,Pinjang Gangluan Part IV,village,Manipur,0,0
n2084692489,Gangluan,village,Manipur,0,0
n2084877550,Nihokhu,village,Nagaland,0,0
n2084878568,Rengmapani,village,Nagaland,0,0
n2084956655,Kilo Old,village,Nagaland,0,0
n2084973724,Kongan,village,Assam,0,0
n2084974154,Santak,town,Assam,0,0
n2088368073,Banarhat,village,West Bengal,0,0
n2164024456,Udalguri,town,Assam,0,0
n2164024493,Mazbat,town,Assam,0,0
n2164024546,Khairabari,village,Assam,0,0
n2164024625,Bhairab Kund,village,Assam,0,0
n2164024770,巴勒姆,village,Assam,0,0
n2164275096,Majarbari Ghat,village,Assam,0,0
n2164879904,Tsiesema Bawe,village,Nagaland,0,0
n2305178803,Mangaldoi,town,Assam,25000,1
n2305975495,Mikirbheta,village,Assam,0,0
n2306119598,Missamari,suburb,Assam,0,0
n2308253319,Chunpura Gohāigaon,hamlet,Assam,0,0
n2309538309,Khimtāi,hamlet,Assam,0,0
n2309770355,Mirigaon,hamlet,Assam,0,0
n2314868582,Joypur,village,Assam,2491,1
n2314935071,Donangiaon,hamlet,Assam,0,0
n2314935116,Namrup,town,Assam,0,0
n2314935270,Phaltan Basti,village,Assam,0,0
n2314935278,Tipam Phake,village,Assam,0,0
n2316320019,Mariani,town,Assam,5000,1
n2316320757,Furkating,village,Assam,0,0
n2316321086,MOINAPARA,suburb,Assam,0,0
n2317301700,Gogamukh,town,Assam,0,0
n2319239248,Hathidhura,hamlet,Assam,0,0
n2328077755,Ghagra,hamlet,Assam,0,0
n2328235641,Telam Bédum,village,Assam,0,0
n2328235647,Lakhipur Bédum,village,Assam,0,0
n2328371496,Ratan,village,Nagaland,0,0
n2328371994,Bagiāelengi Satra,hamlet,Assam,0,0
n2329496025,Barpathar,town,Assam,0,0
n2329587358,Ranthali,village,Assam,0,0
n2329587597,Dhing,town,Assam,0,0
n2333029618,Rajbhawan,suburb,Assam,0,0
n2362861928,Bangaon,hamlet,Assam,0,0
n2364658268,Durpai,hamlet,Assam,0,0
n2364711962,Bhawanipur,town,Assam,0,0
n2364712076,Barpeta Road,town,Assam,0,0
n2364712178,Jārtāluk,hamlet,Assam,0,0
n2364712202,Sonbāri,hamlet,Assam,0,0
n2364712245,Salbari,village,Assam,0,0
n2364712278,Simlābāri,hamlet,Assam,0,0
n2364712290,Subankhata,village,Assam,0,0
n2365446798,Foskadanga,hamlet,Assam,0,0
n2365493082,Ghograpar,village,Assam,0,0
n2369274185,Borka,village,Assam,0,0
n2370824950,Kamalabari,town,Assam,0,0
n2373378856,Rongram,town,Meghalaya,5000,1
n2375286645,Rupkalia,hamlet,Assam,0,0
n2375286688,Nagaon,hamlet,Assam,0,0
n2375286699,Wokha Garanga,hamlet,Assam,0,0
n2375286856,Barhalla,village,Assam,0,0
n2376217264,Khāgarijān No 1,hamlet,Assam,0,0
n2376217572,Merapani,town,Assam,0,0
n2376218186,Kamarbandha,hamlet,Assam,0,0
n2376219019,Kākadānga,hamlet,Assam,0,0
n2376219107,Nām Chungi,hamlet,Assam,0,0
n2376219198,Chungi,hamlet,Assam,0,0
n2380444086,Māgurmāri,hamlet,Assam,0,0
n2380445016,Kochugaon,village,Assam,0,0
n2381336709,Patharughat,village,Assam,0,0
n2381337775,Khairabari,town,Assam,0,0
n2383406992,Garhmari,village,Assam,0,0
n2383407025,Chaparmukh,village,Assam,0,0
n2383407026,Kakati Gaon,village,Assam,0,0
n2385333968,Kalaigaon,town,Assam,0,0
n2385334323,Bengbari,village,Assam,0,0
n2385334374,Paneri,village,Assam,0,0
n2387194438,Lakhipur,town,Assam,5000,1
n2387379080,Dīwāngaon,village,Assam,0,0
n2387379128,Dīwāngaon,hamlet,Assam,0,0
n2388581780,Deodia,village,Assam,0,0
n2388581840,Kaibatra,village,Assam,0,0
n2388582039,Jangraimukh,village,Assam,0,0
n2388582295,Dhakuakhana,village,Assam,0,0
n2389849093,Bihpuria,town,Arunachal Pradesh,0,0
n2391090266,Pānbāri,hamlet,Assam,0,0
n2394032712,Kurijhār,village,Assam,0,0
n2394032742,Māyangpāra,hamlet,Assam,0,0
n2399678417,Dalāigaon,hamlet,Assam,0,0
n2399680672,Deosri,village,Assam,0,0
n2406555451,Disangpani,village,Assam,50000,1
n2406555735,Bogaigāon,village,Assam,0,0
n2406555878,Khowāng,village,Assam,0,0
n2406832512,Chintang Saddle,village,Nagaland,0,0
n2453324773,Amguri,town,Assam,0,0
n2453465536,Hālwāting,hamlet,Assam,0,0
n2453787921,Merangkong,village,Nagaland,0,0
n2453789204,Tsudikong,town,Assam,4416,1
n2453803866,Chuchuyimlang,village,Nagaland,0,0
n2454056910,Theiva,village,Mizoram,0,0
n2454064626,Amobyu Vaithie,village,Mizoram,0,0
n2454469669,Saikah 'L',village,Mizoram,500,1
n2454560369,Leite,village,Mizoram,5000,1
n2454639707,Pangzawl,village,Mizoram,0,0
n2455234815,Phaileng,village,Mizoram,0,0
n2455547720,Pherzawl,village,Manipur,1558,1
n2455611820,Joutung,village,Manipur,0,0
n2455649793,Leijangphai,village,Manipur,801,1
n2455737612,Torbung,village,Manipur,5139,1
n2455737681,Ningthoukhong,village,Manipur,0,0
n2455738557,Nerhema,village,Nagaland,0,0
n2455738717,Botsa,village,Nagaland,0,0
n2455739363,Zunpha,village,Nagaland,0,0
n2455740106,Kandinu,village,Nagaland,0,0
n2455767779,Chukitong,village,Nagaland,0,0
n245703196,Khopai,village,Mizoram,0,0
n245712879,Serchhip,town,Mizoram,0,0
n245713434,Khawzawl,town,Mizoram,0,0
n245718886,Behiang,village,Manipur,0,0
n245720344,Chandel,town,Manipur,0,0
n245720793,Toupokpi,village,Manipur,670,1
n245721623,Churachandpur,town,Manipur,50000,1
n245722195,Sagang,village,Manipur,5494,1
n245722676,Kumbi,village,Manipur,0,0
n245724879,Dwarband,village,Assam,0,0
n245725007,Moragang,village,Assam,0,0
n245726890,Sawombung,village,Manipur,0,0
n245727350,Ngarumphung,village,Manipur,400,1
n245734694,Mairang,village,Meghalaya,0,0
n245734725,Mawngap,village,Meghalaya,0,0
n245734913,Nongstoin,town,Meghalaya,0,0
n245736680,Cherano,village,Meghalaya,5000,1
n245736763,Akhegwo,village,Nagaland,0,0
n245741477,Hojai,town,Assam,0,0
n245742040,Baghuliaghat,town,Assam,0,0
n245746382,Merapāni,hamlet,Assam,0,0
n245747168,Fakiragram,town,Assam,0,0
n245749456,Dāngāpāra,hamlet,West Bengal,0,0
n245749553,Dhamdhama,village,Assam,0,0
n245750491,Mahaliapara,village,Assam,0,0
n245751501,Bagdogra,town,West Bengal,0,0
n245752909,Goibarigoan,village,Assam,0,0
n245754786,Naryanpur,village,Arunachal Pradesh,0,0
n245756019,Sapekhati Chāriali,hamlet,Assam,0,0
n245756087,Banderdeva,village,Arunachal Pradesh,0,0
n245756196,Niz Lakuk,town,Assam,0,0
n245756784,Morān,town,Assam,0,0
n245756851,Pahumara,village,Assam,0,0
n245757368,Ghurania,hamlet,Assam,0,0
n245758716,Digboi,town,Assam,50000,1
n245761323,Dimow,village,Assam,2000,1
n245764416,Along,town,Arunachal Pradesh,0,0
n245765431,Damroh,village,Arunachal Pradesh,0,0
n2458530473,Lilong Chajing,village,Manipur,0,0
n2459028343,Tellou,village,Manipur,3328,1
n2459028911,Mongkot Chepu,village,Manipur,676,1
n2459029135,Litan Sareikhong,village,Manipur,1000,1
n2459029361,Chepu Yaolen,village,Manipur,325,1
n2459029890,Ramva,village,Manipur,1940,1
n2459083045,Kalhang Khullen,village,Nagaland,0,0
n2459083878,Chingjaroi Khullen,village,Nagaland,0,0
n2459084757,Kharasom,village,Nagaland,0,0
n2459238130,Meluri,town,Nagaland,0,0
n2459390094,Yingshukur,village,Nagaland,0,0
n2459392034,Waphur,village,Nagaland,0,0
n2459393316,Shangpu,village,Nagaland,0,0
n2459394026,Tuensang,town,Nagaland,0,0
n2461541978,Manu,town,Tripura,0,0
n2461543334,Kumarghat,town,Tripura,0,0
n2461543721,Churaibari,village,Tripura,0,0
n2461559405,Ambassa,town,Tripura,70000,1
n2461590040,Jirania,village,Tripura,0,0
n2461590406,Teliamura,town,Tripura,0,0
n2461590774,Mungiakami,village,Tripura,0,0
n2461651941,Sabroom,town,Tripura,0,0
n2461652793,Manu Bazar,village,Tripura,0,0
n2461653370,Jolaibari,village,Tripura,11800,1
n2461654957,Bishramganj,town,Tripura,0,0
n2461989325,Dapchhuah,village,Mizoram,0,0
n2461994318,Mamit,town,Mizoram,0,0
n2462048830,Tukkaln,village,Mizoram,0,0
n2462049049,Chailengta,village,Tripura,0,0
n2463170748,Tseretse,village,Arunachal Pradesh,0,0
n2463233843,Yukmadung,village,Arunachal Pradesh,0,0
n2463277084,Hawa Golai,hamlet,Arunachal Pradesh,0,0
n2463277836,Dirang Dzong,village,Arunachal Pradesh,0,0
n2463577661,Koronu,village,Arunachal Pradesh,0,0
n2463594556,Rottung,village,Arunachal Pradesh,0,0
n2463618261,Angu,village,Arunachal Pradesh,0,0
n2463654457,卡罗姆,village,Assam,0,0
n2463654535,Maro,village,Arunachal Pradesh,0,0
n2463754150,皮衣木克,village,Arunachal Pradesh,0,0
n2463770993,Mudang Tage,village,Arunachal Pradesh,0,0
n2463790687,Chod,hamlet,Arunachal Pradesh,0,0
n2463790694,苏,village,Arunachal Pradesh,0,0
n2463790889,Yazali,town,Arunachal Pradesh,1768,1
n2463790943,杰特,hamlet,Arunachal Pradesh,0,0
n2463791557,Yachuli,town,Arunachal Pradesh,0,0
n2463791866,Joram,hamlet,Arunachal Pradesh,0,0
n2463792539,Ziro,city,Arunachal Pradesh,0,0
n2463824656,Jameri,hamlet,Assam,0,0
n2463824706,New Kaspi,hamlet,Assam,0,0
n2463837057,Seba,village,Arunachal Pradesh,0,0
n2463837758,Kafla,village,Arunachal Pradesh,0,0
n2463864246,科提普,village,Arunachal Pradesh,0,0
n2463864878,Sagalee,village,Arunachal Pradesh,0,0
n2464680891,Shantipur,village,Arunachal Pradesh,0,0
n2465028551,Talap,town,Assam,0,0
n2465028612,Dangari,village,Arunachal Pradesh,0,0
n2465029054,Dupāani Bargaon,hamlet,Arunachal Pradesh,0,0
n2465087612,New Khamdu,village,Arunachal Pradesh,0,0
n2465087658,Lekhapani,village,Arunachal Pradesh,0,0
n2466195329,Chalsa,village,West Bengal,0,0
n2466235144,Adugiri,village,Meghalaya,0,0
n2468512457,Kashibari,village,West Bengal,0,0
n2468512483,Paschim Mokarandapur,village,West Bengal,0,0
n2468512499,Jiakhuri,village,West Bengal,0,0
n2468512506,Sonapur,village,West Bengal,0,0
n2468740366,Durgāchhara,hamlet,Assam,0,0
n2468740561,Kayāng Deshwālibasti,hamlet,Assam,0,0
n2468742473,Wāphu,hamlet,Assam,0,0
n2468762902,Lungkhor,hamlet,Assam,0,0
n2468762922,Purāna Maibong,suburb,Assam,0,0
n2468762958,Maibong,town,Assam,0,0
n2468762970,Khāuthāmdīsa,hamlet,Assam,0,0
n2468763133,Mupa Hojāi,hamlet,Assam,0,0
n2469004460,Naksalbari,town,West Bengal,0,0
n2469684040,Chizami,town,Nagaland,0,0
n2469698539,Pfutsero Town,town,Nagaland,10371,1
n2469894553,Manja,town,Assam,0,0
n2469900718,Parkhowa Bazaar,village,Assam,0,0
n2469900731,Dengaon,village,Assam,0,0
n2491563762,Tuirial,hamlet,Mizoram,0,0
n2491830210,Kawnpui,village,Mizoram,0,0
n2491833905,'N' Thingdawl,village,Mizoram,0,0
n2491876699,Lala,town,Assam,0,0
n2491876709,Umednagar,village,Assam,0,0
n2491877281,Hailakandi,town,Assam,0,0
n2492599802,Bilkhawthlir,village,Mizoram,0,0
n2492601704,Phāisen,hamlet,Mizoram,0,0
n2498697992,Oinamlong,village,Assam,1512,1
n2498768470,Tollen,village,Assam,116,1
n2500948545,Tolloi,village,Manipur,0,0
n2501001558,Mata,village,Manipur,2273,1
n2501023508,Songtal,village,Manipur,894,1
n2501957487,Samanda,village,Meghalaya,0,0
n2501957629,Rongrengiri,village,Meghalaya,0,0
n2511042546,Kupup,village,Sikkim,0,0
n2516678325,Āmteka,village,Assam,0,0
n2517721615,Tamulpur,town,Assam,0,0
n2519160722,Senu,village,Arunachal Pradesh,0,0
n2519223712,Sibbari,village,Meghalaya,0,0
n2519982799,Dulki,village,Tripura,0,0
n2520369985,Kakraban,village,Tripura,0,0
n2555555998,Tuichhama,village,Tripura,0,0
n2579670796,Dinhata,town,Assam,0,0
n2595623022,Sessamukh,village,Assam,0,0
n2595623108,Kalitakuchi,village,Assam,0,0
n2632756349,Karigaon,village,Assam,0,0
n2659517518,Mahendraganj,village,Meghalaya,0,0
n2666939999,Dispur,town,Assam,0,0
n2671616321,Belonia,town,Tripura,19996,1
n2682279843,Mekuli,village,Nagaland,0,0
n2682288214,Chungtia,village,Nagaland,0,0
n2682774922,New Camp (Longjongkong),hamlet,Nagaland,0,0
n2682968461,Longnak,hamlet,Nagaland,0,0
n2682983901,Wati Yim,village,Nagaland,0,0
n2682984003,Longtho,village,Nagaland,0,0
n2715015195,Kinunger,village,Nagaland,0,0
n2717217350,Sungratsu,village,Nagaland,0,0
n2719435973,Mopungchuket,village,Nagaland,0,0
n2720225720,Akuluto,village,Nagaland,0,0
n2723985107,Pakyong,town,Sikkim,0,0
n2764200726,Sumer Village,village,Meghalaya,0,0
n2774754102,Barapani,village,Meghalaya,0,0
n2882121034,Thadlaskein,village,Meghalaya,0,0
n2882121292,Mawryngkneng,village,Meghalaya,0,0
n2883904490,Jagun,town,Arunachal Pradesh,0,0
n2884021044,Baghmara,town,Meghalaya,5000,1
n2884022742,Rewak,village,Meghalaya,0,0
n2885003252,Sāpekhāti,hamlet,Assam,0,0
n2885039421,Dhanbīl,hamlet,Assam,0,0
n2885248532,Dakhinpat,village,Assam,0,0
n2885250941,Nari,village,Assam,0,0
n2914323246,Purum Chumbang,village,Manipur,0,0
n2915034573,Tizit,town,Assam,0,0
n2915034650,Namsa,town,Assam,0,0
n2919179868,Sherathang,village,Sikkim,0,0
n2926094146,Lālābasti,hamlet,Assam,0,0
n2926094151,Mahaārājpur,hamlet,Assam,0,0
n2926094680,Chhota Kāpurchhara,hamlet,Assam,0,0
n2926095072,Rekha,hamlet,Assam,0,0
n2926096522,Kathiatoli,village,Assam,0,0
n2926096874,Dighali Ati,village,Assam,0,0
n2926097475,Mulankata,village,Assam,0,0
n2926154982,Jalah,village,Assam,0,0
n2926155032,Hajua,village,Assam,0,0
n2926323039,Bhaitbari,village,Assam,0,0
n2926323240,Srirampur,village,Assam,0,0
n2926581816,Chenga,village,Assam,0,0
n2967218994,Bara Hulung,village,Arunachal Pradesh,0,0
n2967219009,Philobari,hamlet,Arunachal Pradesh,0,0
n2967220343,Pengri Chārāli,hamlet,Arunachal Pradesh,0,0
n2976469237,Hnahlan,village,Mizoram,0,0
n3007133833,Lumla,town,Arunachal Pradesh,0,0
n3007271430,Gorsam,village,Arunachal Pradesh,103,1
n3018172995,Bhalukpong,town,Assam,0,0
n3018173026,Tippi Town,suburb,Assam,0,0
n3092025659,Chapi Khithie,village,Mizoram,0,0
n3158879343,Dighāli,hamlet,Assam,0,0
n3158879810,Badripāra,hamlet,Assam,0,0
n3158885672,Barkhala,hamlet,Assam,0,0
n3158923546,Khoril,hamlet,Assam,0,0
n3158923588,Kharil Bagicha,hamlet,Assam,0,0
n3158923616,Dalu,village,Assam,0,0
n3158933756,Dudhpatli,hamlet,Assam,0,0
n3158934591,Gossaipur,hamlet,Assam,0,0
n3160185171,Irongmara,village,Assam,0,0
n3160185194,Dargākona,village,Assam,0,0
n3160185425,Silkuri,village,Assam,0,0
n3173460680,Phulbari,village,Assam,5000,1
n3173469643,Tikrikila,village,Assam,5000,1
n3173470227,Tikrikilla,town,Assam,0,0
n3173560387,Garampāni,hamlet,Meghalaya,0,0
n3173560410,Phonglangso,hamlet,Meghalaya,0,0
n3173566127,Khorungma,hamlet,Assam,0,0
n3173570147,Bāgha,hamlet,Assam,0,0
n3173573097,Amardisa,hamlet,Assam,0,0
n3173577191,Dihāngi,hamlet,Assam,0,0
n3173578975,Dishru Village,village,Assam,0,0
n3173657996,Zamuang,village,Mizoram,0,0
n3173660337,Kanhmun,hamlet,Tripura,0,0
n3173670413,Jampuijala,village,Tripura,0,0
n3173676986,Melaghar,town,Tripura,20300,1
n3173704205,Mawsmai,hamlet,Meghalaya,0,0
n3175911973,恰吐姆,hamlet,Arunachal Pradesh,0,0
n3175912216,Tumrung,hamlet,Arunachal Pradesh,0,0
n3175912311,Kambang,hamlet,Arunachal Pradesh,0,0
n3175920440,Meer,hamlet,Arunachal Pradesh,0,0
n3175964719,Tapaha,hamlet,Arunachal Pradesh,0,0
n3175965095,Rukpu,village,Arunachal Pradesh,0,0
n3176031335,托库,village,Arunachal Pradesh,0,0
n3176043848,Kimin,town,Assam,0,0
n3176054713,Peri,hamlet,Arunachal Pradesh,0,0
n3176054721,Kaying,town,Arunachal Pradesh,0,0
n3176055376,Kamki,village,Arunachal Pradesh,0,0
n3176058961,赛村,hamlet,Arunachal Pradesh,0,0
n3176060815,Menying,hamlet,Arunachal Pradesh,0,0
n3176072975,Mechuka,town,Arunachal Pradesh,0,0
n3178199100,Boleng,town,Arunachal Pradesh,0,0
n3178209387,里戛,village,Arunachal Pradesh,0,0
n3178213064,Jengging,village,Arunachal Pradesh,0,0
n3179552235,Rongli,town,Sikkim,0,0
n3179658554,Yangli,village,Nagaland,0,0
n3179711617,Sonari,town,Assam,0,0
n3179713537,Bhojo,hamlet,Assam,0,0
n3179713699,Bhojogaon,hamlet,Assam,0,0
n3179739570,Namphai 1,village,Arunachal Pradesh,0,0
n3179739577,Lāklāpathār,hamlet,Arunachal Pradesh,0,0
n3179739747,Kharsang,town,Arunachal Pradesh,0,0
n3179739771,Nāmchik,hamlet,Arunachal Pradesh,0,0
n3179739996,New Longkey,village,Arunachal Pradesh,0,0
n3179740541,Lakla,village,Arunachal Pradesh,0,0
n3179749350,Telikola,hamlet,Arunachal Pradesh,0,0
n3309034382,Kachukata,village,Assam,0,0
n3345442064,Kharibari,village,West Bengal,0,0
n3393379510,Mon,town,Assam,0,0
n342098065,Oraog,village,Assam,0,0
n342099041,Yeksi,village,Arunachal Pradesh,0,0
n342099620,Balipara,village,Assam,0,0
n3454068821,莫库新,village,Arunachal Pradesh,0,0
n3454846720,Tenzingang,village,Arunachal Pradesh,0,0
n3454892796,Samphung,hamlet,Arunachal Pradesh,0,0
n3455075763,Kuwarpār,village,Assam,0,0
n3455076019,Pālanghāt,village,Assam,0,0
n3455076051,Kalyānpur,hamlet,Assam,0,0
n3455076087,Sachinpur,hamlet,Assam,0,0
n3455076125,Amrāghāt,hamlet,Assam,0,0
n3455076190,Gangānagar,hamlet,Assam,0,0
n3455076194,Rasunpur,hamlet,Assam,0,0
n3455076198,Matinagar,village,Assam,0,0
n3455076235,Harinabasti,hamlet,Assam,0,0
n3455080984,Kālāgrām,hamlet,Assam,0,0
n3455081300,Āmjurghāt,hamlet,Assam,0,0
n3455081322,Sonāimukh,village,Assam,0,0
n3455081335,Sonābārighāt,hamlet,Assam,0,0
n3455680160,若波朗钦,hamlet,Arunachal Pradesh,0,0
n3462002941,Paite Veng,suburb,Manipur,0,0
n3515195562,Sapatgram,town,Assam,0,0
n3515195826,Thakthakipara,village,Assam,0,0
n3515196190,Ushatary,village,Assam,0,0
n3517621029,Sāpatgrām,hamlet,Assam,0,0
n3517621214,Bhowraguri,village,Assam,0,0
n3517621278,Patakata,village,Assam,0,0
n3517621294,Mowamari,village,Assam,0,0
n3517621386,Mussalmanpara,village,Assam,0,0
n3637671405,Rowriya,village,Assam,0,0
n3677062183,Nājirān Daoti Khāta,hamlet,Assam,0,0
n3677614505,Mushalpur,town,Assam,0,0
n3677615137,Barama,town,Assam,0,0
n3677615184,Nikashi,village,Assam,0,0
n3677615447,Bhutiachang,village,Assam,0,0
n3677615462,Chamrang,village,Assam,0,0
n3677644432,Lakhipur,town,Assam,0,0
n3677676521,Uttar Saripakuri,village,West Bengal,0,0
n3677676535,Uttar Mitiali,village,West Bengal,0,0
n3677706509,Kranti,village,West Bengal,0,0
n3677706512,Dakshin Majhgram,village,West Bengal,0,0
n3677914259,Dimdima,village,West Bengal,0,0
n3686971924,Teok,village,Assam,0,0
n3687018036,Jagduwar,village,Assam,0,0
n3701019500,Mawmluh,village,Meghalaya,0,0
n3701021426,Mawkisyiem,suburb,Meghalaya,0,0
n3701021477,Jymmang ne Mawshamok,hamlet,Meghalaya,0,0
n3701021502,Sohra (Cherrapunji),town,Meghalaya,0,0
n3701076353,Wahlong,hamlet,Meghalaya,0,0
n3701126642,Khanduli,village,Meghalaya,0,0
n3701145767,Hamren,town,Assam,0,0
n3701159961,Donka Molām,village,Assam,0,0
n3701162616,Tumpreng,hamlet,Assam,0,0
n3701170423,Dhola,village,Arunachal Pradesh,0,0
n3701172837,Nilbāgān,village,Assam,0,0
n3701229800,Chandkhira,village,Tripura,0,0
n3701304166,Dharmanagar,town,Tripura,0,0
n3703063529,Mankachar,town,Meghalaya,0,0
n3703293159,Yingkiong,town,Arunachal Pradesh,6134,1
n3703361224,哥布克,hamlet,Arunachal Pradesh,0,0
n3736220267,Six Mile,suburb,Assam,0,0
n3798891857,Mangkolemba,town,Nagaland,0,0
n3826804069,Chopra,village,West Bengal,0,0
n3826804071,Chopra (CT),village,West Bengal,0,0
n3826828468,Debpāra,hamlet,Assam,0,0
n3875985762,Deomali,town,Assam,0,0
n3875988367,Bordubi,village,Assam,0,0
n3877609074,Elope,village,Arunachal Pradesh,0,0
n3877609233,Amili,village,Arunachal Pradesh,0,0
n3877609308,阿米里,village,Arunachal Pradesh,0,0
n3877610516,Ezuli,village,Arunachal Pradesh,0,0
n3877610763,Idipo,village,Arunachal Pradesh,0,0
n3877610886,Angolin,village,Arunachal Pradesh,0,0
n3877647577,Rengchi,hamlet,Arunachal Pradesh,0,0
n3877648331,Koloriang,city,Arunachal Pradesh,0,0
n3878443665,Lāngkri,hamlet,Assam,0,0
n3878443853,Washobil,hamlet,Assam,0,0
n3878444137,Kheroni,village,Assam,0,0
n3878444772,Baitha-Langso,village,Assam,0,0
n3878466615,Umrangso,town,Assam,10376,1
n3879678148,Dholaikhal,village,Mizoram,0,0
n3880127344,Namtok,village,Assam,0,0
n3880129884,Bordumsa,village,Arunachal Pradesh,0,0
n3880272354,Jalukie,village,Nagaland,0,0
n3881690528,Sowa New,village,Nagaland,0,0
n3884005483,Chesezu,village,Nagaland,0,0
n3884008374,Xuivi,village,Nagaland,0,0
n3884084074,Vanghmun,village,Tripura,1500,1
n3884084847,Kanchanpur,village,Tripura,0,0
n3884828470,W. Phulpui,village,Mizoram,0,0
n3885879576,Amarpur,town,Tripura,10838,1
n3885892152,New Eden,hamlet,Mizoram,0,0
n3887833902,Aibawk,village,Mizoram,0,0
n3887834495,Muallungthu,village,Mizoram,0,0
n3887963792,Yairepok,village,Manipur,0,0
n3888002993,Ngariyan,village,Manipur,0,0
n3888003313,Keirao Bitra,village,Manipur,0,0
n3888044073,Kasong,village,Manipur,0,0
n3888044377,Tarong,village,Manipur,0,0
n3888045423,Kakmayai,village,Manipur,0,0
n3888169828,Sorbung,village,Manipur,0,0
n3888209284,Pedi,village,Nagaland,0,0
n3888958731,Sonpram,village,Manipur,0,0
n3888960268,Tamei,village,Manipur,0,0
n3888961097,Wakothpa,hamlet,Manipur,0,0
n3888962699,Maohing Nepali,village,Manipur,1613,1
n3888964118,Selsi,hamlet,Manipur,0,0
n3889130602,Kamjong,town,Manipur,0,0
n3889161088,Yumnam Khunou,village,Manipur,1870,1
n3889161132,Sagolmang,village,Manipur,967,1
n3889161384,Sadu Koireng,village,Manipur,674,1
n3889161391,E. Mullam,village,Manipur,286,1
n3889161473,Saikul,town,Manipur,2767,1
n3889161494,Bunglung,village,Manipur,562,1
n3889161638,Lhungtin,village,Manipur,0,0
n3889161871,Molkon,village,Manipur,1359,1
n3890096756,Tiding,hamlet,Arunachal Pradesh,0,0
n3890097930,Lamaliang,village,Arunachal Pradesh,40,1
n3890098193,Naraliang,village,Arunachal Pradesh,107,1
n3890098212,Pangung,village,Arunachal Pradesh,95,1
n3890099825,Mompani,village,Arunachal Pradesh,24,1
n3890100202,Khupa Township,village,Arunachal Pradesh,375,1
n3890100597,Airfield Ziro Point,suburb,Arunachal Pradesh,280,1
n3890100618,Kamba,hamlet,Arunachal Pradesh,49,1
n3890100664,Swami Camp,village,Arunachal Pradesh,212,1
n3890100830,Chameliang,village,Arunachal Pradesh,113,1
n3890101070,Tikromla,hamlet,Arunachal Pradesh,23,1
n3897032455,Changsari,village,Assam,0,0
n3897033189,Bhalka,hamlet,Assam,0,0
n3897033221,Barabisa,village,Assam,0,0
n3897088989,Sonapur,town,Meghalaya,0,0
n3897171387,New Jātinga,hamlet,Assam,0,0
n3897172960,Rongmala,village,Assam,0,0
n3897173006,Bhalukmari,village,Assam,1873,1
n3897173065,Dighaldari,village,Assam,0,0
n3897173068,Khaigarh,village,Assam,0,0
n3897173138,Phulaguri,village,Assam,0,0
n3897173196,Dimou,village,Assam,0,0
n3898034979,Garobadha,town,Meghalaya,0,0
n3911460009,Saikot,village,Manipur,2486,1
n3922127631,Chingmei,village,Nagaland,0,0
n3940781083,Amboli,village,Arunachal Pradesh,0,0
n3940781754,Anini,town,Arunachal Pradesh,0,0
n3940789967,Etalin,village,Arunachal Pradesh,0,0
n3940790135,Punli,village,Arunachal Pradesh,0,0
n3940790271,Immli,hamlet,Arunachal Pradesh,0,0
n3940790649,Ilupu,village,Arunachal Pradesh,0,0
n3940835308,New Lanwang,village,Assam,0,0
n3941366657,New Tupi,village,Assam,0,0
n3941367812,Khonsa,town,Assam,0,0
n3959122329,Rima,village,Arunachal Pradesh,0,0
n3995419700,Ralruwng,village,Manipur,0,0
n4021624304,Phodkroh,village,Meghalaya,0,0
n4021624306,Umsieh,village,Meghalaya,0,0
n4021624517,Umpung,hamlet,Meghalaya,0,0
n4021626088,Laitumsaw,hamlet,Meghalaya,0,0
n4021626563,Ranikor,village,Meghalaya,0,0
n4021627118,Nongthymmai,hamlet,Meghalaya,0,0
n4021631554,Mawkasaiñ,village,Meghalaya,0,0
n4021632042,Phudphanblei,hamlet,Meghalaya,0,0
n4021632616,Rangthong,village,Meghalaya,0,0
n4021633568,Weiloi,village,Meghalaya,0,0
n4021633659,Mawkyrwat,town,Meghalaya,0,0
n4021633841,Umlangmar,hamlet,Meghalaya,0,0
n4021636355,Mawsdei Village,village,Meghalaya,0,0
n4021640756,Tyrsad,village,Meghalaya,0,0
n4021645623,Pyndem Mawthawiong,village,Meghalaya,0,0
n4021777677,Rongmara,village,Meghalaya,0,0
n4022574582,Chaklabasti,village,Meghalaya,0,0
n4022575029,Sohbar,suburb,Meghalaya,0,0
n4022576014,Nongjri Tishang,hamlet,Meghalaya,0,0
n4022577529,Mawkliaw,hamlet,Meghalaya,0,0
n4022578000,Wongkalikai,village,Meghalaya,0,0
n4023356410,Ampati,village,Meghalaya,0,0
n4052836693,Tingkhong,village,Assam,0,0
n4052836712,Bāmunbāri,village,Assam,0,0
n4052837207,Tingkhang,hamlet,Assam,0,0
n4052837258,Tipamia,village,Assam,0,0
n4052837262,Ghurania,hamlet,Assam,0,0
n4052837592,Sapekhati,village,Assam,0,0
n4052837614,2Rahan Pathār No.2,hamlet,Assam,0,0
n4052837622,Bagādād,hamlet,Assam,0,0
n4052837690,Nanābāt Namke,hamlet,Assam,0,0
n4052837753,Nāmrup,hamlet,Assam,0,0
n4052837774,Barhela,hamlet,Assam,0,0
n4080112891,Sarthebari,town,Assam,0,0
n4083015562,Kaolākhāt,hamlet,Assam,0,0
n4116852802,Sonamura,town,Tripura,0,0
n4117423790,Dullabhcherra,town,Tripura,0,0
n4117423821,Bhubirband,hamlet,Tripura,0,0
n4117423943,Cherāgi,village,Tripura,0,0
n4117424138,Murliband,hamlet,Tripura,0,0
n4117424177,Krishnanagar,village,Tripura,0,0
n4117424328,Bāzārghat,hamlet,Assam,0,0
n4123550077,Rongmachokgiri,village,Assam,0,0
n4193528572,Balinong,village,Arunachal Pradesh,0,0
n4233982473,Rangterenggaon,hamlet,Assam,0,0
n4233982501,Lakhaujān,hamlet,Assam,0,0
n4233982951,Kohora,village,Assam,0,0
n4234506128,Tipujān Basti,hamlet,Assam,0,0
n4260245049,Kepre,hamlet,Assam,0,0
n4273512624,Naginimora,town,Assam,0,0
n4273512900,Garmur Silani,hamlet,Assam,0,0
n4279635428,Dhalabari,village,West Bengal,0,0
n4279635430,Uttar Chengmari,village,West Bengal,0,0
n4281611810,Gosanimari,village,Assam,0,0
n4281664856,Banekuchi,village,Assam,0,0
n4301600028,Bholaganj,village,Meghalaya,0,0
n4323611983,Khālājhār,hamlet,Assam,0,0
n4323612757,Daboka,town,Assam,0,0
n4323995230,Guijan,village,Assam,0,0
n4324640180,Sannu,village,Assam,0,0
n4324640181,Longleng,village,Assam,0,0
n4324640625,Kanubari,village,Assam,0,0
n4324640922,Dillighāt,hamlet,Assam,0,0
n4324640954,Titlāgarh,hamlet,Assam,0,0
n4332457059,Wakching,town,Assam,0,0
n4332977319,Rangapahār,village,Nagaland,6673,1
n4436216520,Bebejiāgaon,hamlet,Assam,0,0
n4552000699,Chumgang,hamlet,Arunachal Pradesh,0,0
n4571035213,Passingdong,village,Sikkim,0,0
n4571759015,Dakshin Māgura,hamlet,Tripura,0,0
n4571759019,Katanpur,hamlet,Tripura,0,0
n4571759020,Katāmani,hamlet,Tripura,0,0
n4571759029,Kālāchhara,hamlet,Tripura,0,0
n4571779629,Kailashahar,town,Tripura,0,0
n4571959303,Murājār,hamlet,Assam,0,0
n4571959313,Sābājpur,hamlet,Assam,0,0
n458985962,Amingaon,suburb,Assam,0,0
n4605252024,Sonādāri,hamlet,Assam,0,0
n4605252080,Purāuri,hamlet,Assam,0,0
n4611171500,Gunabari,village,West Bengal,0,0
n4622774243,Basar,town,Assam,0,0
n4636429203,Bagarsangan,hamlet,Assam,0,0
n4636429253,Naldari,hamlet,Assam,0,0
n4640111847,Digaru,village,Arunachal Pradesh,0,0
n4643564541,Hrishyamukh,village,Tripura,0,0
n4643790795,Saline,village,Arunachal Pradesh,77,1
n4646200593,Lazu,village,Assam,0,0
n4658551922,Sethi,hamlet,Arunachal Pradesh,49,1
n4722094948,Wireless,suburb,Assam,0,0
n4723587838,Super Market,suburb,Assam,0,0
n4726881985,Amguri Bali,village,Assam,0,0
n4740596570,Sunpura,village,Arunachal Pradesh,0,0
n4750552829,Paschim Dangapara,village,West Bengal,0,0
n4750646404,Radhabari,village,West Bengal,0,0
n4758150231,Alubari,village,Arunachal Pradesh,0,0
n4875901100,Rhenock,town,Sikkim,0,0
n4885325314,Chapakhowa,town,Arunachal Pradesh,0,0
n4885601044,Pathar Kandi,village,Assam,0,0
n4907087562,Kampur,village,Assam,0,0
n4911457378,Sonbāri,village,Assam,0,0
n4914355421,Gossaigaon,village,Assam,9068,1
n4927496119,Gojaldoba Tea Garden,village,West Bengal,0,0
n4928101490,Kājidhar,hamlet,Assam,0,0
n4928851407,Rorithang,village,Sikkim,0,0
n4929523961,Bardiha,village,West Bengal,0,0
n4937415636,Chhatish,village,West Bengal,0,0
n4946860488,Resubelpara,town,Assam,0,0
n4946922010,Songsak,village,Meghalaya,0,0
n4962435919,Koyu,village,Arunachal Pradesh,0,0
n4962436012,Kakki Village,hamlet,Arunachal Pradesh,0,0
n4962436988,卡若,village,Arunachal Pradesh,0,0
n4962437412,米新,village,Arunachal Pradesh,0,0
n4972483169,Rehabari,suburb,Assam,0,0
n4977284625,Sarusajai,suburb,Assam,0,0
n4992083933,Hajo,town,Assam,0,0
n5058289949,Howly,town,Assam,0,0
n5067659202,Indranagar,village,Assam,0,0
n5067659220,Amarānagar,hamlet,Assam,0,0
n5067659472,Udharbond,village,Assam,0,0
n5076864949,Sugnu,town,Manipur,5132,1
n5134591263,Nondola Rokhoa,village,West Bengal,0,0
n5134827165,Jhargaon,village,West Bengal,2008,1
n5134827186,Panchdimti,village,West Bengal,9337,1
n5135390025,Dakshin Dangapara,village,West Bengal,0,0
n5135424982,Kuchila,village,West Bengal,0,0
n5135436713,Paschim Ariagaon,village,West Bengal,0,0
n5136137955,Rasakhowa,village,West Bengal,0,0
n5151516824,Laki,village,Mizoram,0,0
n5221627788,Dakshin Hanskhali,village,West Bengal,0,0
n5221627878,Dakshin Odlabari,suburb,West Bengal,0,0
n5223441437,Kamlagaon,village,West Bengal,0,0
n5228172041,Wakro,village,Arunachal Pradesh,0,0
n5232412630,Gamāri,hamlet,Assam,0,0
n5232412638,Chāmāla,hamlet,Assam,0,0
n5232412832,Ramkrishna Nagar,town,Assam,0,0
n5232412834,Kālinagar,hamlet,Assam,0,0
n5232412909,Bilaipur,village,Mizoram,0,0
n5232413085,Barthal,hamlet,Mizoram,0,0
n5232413125,Nagathal,village,Assam,0,0
n5298833847,Rāmnagar,hamlet,Assam,0,0
n5301144644,Barakhanti,village,West Bengal,9617,1
n5301176731,Lalpokhar,village,West Bengal,0,0
n5329425998,Kachna,village,West Bengal,4809,1
n5329554258,Kalughat,village,West Bengal,0,0
n5443196340,Tissa Camp,village,Assam,0,0
n5443196345,Senua Noksa,village,Assam,0,0
n5443285696,Zedua,village,Assam,0,0
n5443287335,Hasse Russa,village,Assam,0,0
n5443824131,Samdul,hamlet,Arunachal Pradesh,51,1
n5443824383,Khampti Pani,hamlet,Arunachal Pradesh,0,0
n5443824637,Halla,village,Arunachal Pradesh,89,1
n5443825607,Dong,village,Arunachal Pradesh,5000,1
n5444835331,Pinjoli,village,Assam,0,0
n5451398255,Phura,hamlet,Assam,0,0
n5451398320,Longma,hamlet,Assam,0,0
n5451398382,Kelelo,hamlet,Assam,0,0
n5451399005,Dalughāt,hamlet,Assam,0,0
n5452016791,Kamalpur,village,Assam,0,0
n5470440689,G Bualzang,village,Manipur,0,0
n5473363558,Padmabil,village,Tripura,0,0
n5473366012,Hezamara,village,Tripura,0,0
n5473366085,Mohanpur,village,Tripura,0,0
n5481995103,Wabagal,village,Manipur,0,0
n5541781845,Serou,village,Manipur,4216,1
n5541781882,Y. Thingkangphai,village,Manipur,282,1
n5641133107,Lolegaon,village,Sikkim,0,0
n566650885,Satgaon,suburb,Assam,0,0
n566651230,Pathar Quarry,suburb,Assam,0,0
n566653288,Bonda Gaon,suburb,Assam,0,0
n566685609,Maligaon,town,Assam,0,0
n566687314,Lokhra,suburb,Assam,0,0
n566687486,Basistha Chariali,suburb,Assam,0,0
n566696013,Bongaon,suburb,Assam,0,0
n566697156,Beltola,suburb,Assam,0,0
n566697663,Hatigaon,suburb,Assam,0,0
n566698751,Christian Basti,suburb,Assam,0,0
n566698766,Ulubari,suburb,Assam,0,0
n566698890,Bhangagarh,suburb,Assam,0,0
n567356588,Jhanji,village,Assam,0,0
n567356671,Gaurisagar Tiniali,town,Assam,0,0
n567356919,Dimow,town,Assam,0,0
n567357012,Sepon,village,Assam,0,0
n567377649,Uriagaon,village,Assam,0,0
n567377681,Puranigudam,village,Assam,0,0
n567377883,Kuwarital,village,Assam,0,0
n567378296,Kohora,hamlet,Assam,0,0
n567378454,Bokakhat,village,Assam,0,0
n567378552,Numaligarh,village,Assam,0,0
n567378579,Sonārigaon,hamlet,Assam,0,0
n567378692,Kāthani,hamlet,Assam,0,0
n567378740,Dergaon,town,Assam,0,0
n567382145,Raha,town,Assam,0,0
n567382295,Bebejia,village,Assam,0,0
n567387366,Nakhola,town,Meghalaya,5000,1
n567484451,Baihata,suburb,Assam,0,0
n567484515,Duminichowki,village,Assam,0,0
n567485006,Kharupetia,town,Assam,0,0
n567485145,Dalgoan,town,Assam,0,0
n567485269,Rowta,village,Assam,0,0
n567485548,Dhekiajuli,village,Assam,0,0
n567485794,Tumuki,village,Assam,0,0
n567486083,Porua Chariali,village,Assam,0,0
n567511751,Bomdila,city,Arunachal Pradesh,0,0
n567511973,Kaliabor,village,Assam,0,0
n567512026,Batamari,village,Assam,0,0
n567512068,Dolabari,village,Assam,0,0
n567774564,Nongthymmai,village,Meghalaya,0,0
n567774578,Mawpun Kyrtiang,village,Meghalaya,0,0
n567774582,Lower Sohra,suburb,Meghalaya,0,0
n567777065,Silchar,city,Assam,172800,1
n567778496,Bānglātal,hamlet,Tripura,0,0
n567778725,Shibergul,hamlet,Tripura,0,0
n567778784,Lowairpoa,village,Tripura,0,0
n567779009,Vāirengti,hamlet,Mizoram,0,0
n567779184,Asimganj,hamlet,Assam,0,0
n567779227,Baraigram,village,Assam,0,0
n567779299,Nilambazar,village,Assam,0,0
n567779579,Nāirgram,hamlet,Assam,0,0
n567779603,Bhānga,village,Assam,0,0
n567779712,Malua,hamlet,Assam,0,0
n567779774,Katakhal,village,Assam,0,0
n567779901,Panchgram,suburb,Assam,0,0
n567780374,Bhaga Bāzār,village,Assam,0,0
n567780425,Gagalghāt,hamlet,Assam,0,0
n567780453,Saoāgrām,hamlet,Assam,0,0
n567780460,Debipur,hamlet,Assam,0,0
n567780479,Lāntugrām,hamlet,Assam,0,0
n567780515,Bekirpār,hamlet,Assam,0,0
n567780580,Narsingpur,village,Assam,0,0
n567780601,Kābuganj,hamlet,Assam,0,0
n567780727,Sonbāraghāt,hamlet,Assam,0,0
n567785782,Bokajan,town,Nagaland,0,0
n567786247,Silanijāngaon,hamlet,Assam,0,0
n567786288,Kanaighat,hamlet,Assam,0,0
n567786979,Raāngājāngaon,hamlet,Assam,0,0
n568501813,Dakshin Thuthipakar,village,West Bengal,878,1
n568554712,Sevoke,village,West Bengal,0,0
n568559116,Teesta Bazaar,suburb,Sikkim,0,0
n568559372,Legship,village,Sikkim,0,0
n568559735,Jorethang,town,Sikkim,0,0
n568559751,Naya Bazaar,village,Sikkim,0,0
n568563346,Reshi,village,Sikkim,0,0
n568597536,Birpara,town,West Bengal,0,0
n568597691,Alipurduar,city,Assam,127342,1
n568598346,Ellenbury Tea Garden,village,West Bengal,0,0
n568598360,Kalagaity,village,West Bengal,0,0
n568601510,Odlabari,town,West Bengal,0,0
n568601522,Manabari Tea Garden,village,West Bengal,0,0
n568601548,Uttar Phulbari,village,West Bengal,0,0
n568601577,Ranichera Tea Garden,village,West Bengal,0,0
n568601585,Damdim,village,West Bengal,0,0
n568601702,Hay Hay Pathar Tea Garden I,village,West Bengal,0,0
n568601726,Mal Bazaar,town,West Bengal,0,0
n568601744,Tunbari Tea Garden,village,West Bengal,0,0
n568602358,Binnaguri,village,West Bengal,0,0
n568987116,Dawki,village,Meghalaya,0,0
n568987587,Sohkha Myshon,hamlet,Meghalaya,0,0
n568988545,Amlarem,village,Meghalaya,0,0
n568988568,Katigora,village,Assam,0,0
n568990011,Khelmapur,hamlet,Assam,0,0
n568990124,Ratacherra,village,Assam,0,0
n568990151,Kalain,village,Assam,0,0
n568991599,Pynthorlangtein,hamlet,Meghalaya,0,0
n568991986,Lad Rymbai,town,Meghalaya,0,0
n569040825,Ngangkhalawai,village,Manipur,0,0
n569040865,Moirang,town,Manipur,0,0
n569041531,Wangjing,village,Manipur,0,0
n569041570,Bishnupur,town,Manipur,5000,1
n569041577,Nungsai Chiru,village,Manipur,882,1
n569041691,Nambol,village,Manipur,0,0
n569041716,Waithou,village,Manipur,0,0
n569041845,Khangabok,village,Manipur,0,0
n569041851,Thoubal,town,Manipur,5000,1
n569042398,Singjamei,suburb,Manipur,0,0
n569048716,Binnākāndi,hamlet,Assam,0,0
n569048813,Fulertal,village,Assam,0,0
n569048947,Pailapool,town,Assam,0,0
n569049736,Jiribam,town,Assam,7343,1
n569049747,Lālpāni,hamlet,Assam,0,0
n569050169,Jirighāt,village,Assam,0,0
n569050220,Hilghat,village,Assam,2286,1
n569050246,Gamphazol,village,Assam,0,0
n569051370,Nungba,village,Manipur,0,0
n569051529,Bolongdai,village,Manipur,0,0
n569052467,Irang Khun,village,Manipur,0,0
n569052538,Charoipandongba Kabui,village,Manipur,816,1
n569052549,Longa Koireng,village,Manipur,963,1
n569052750,Khumbong,village,Manipur,0,0
n569053407,Noney,town,Manipur,0,0
n569053462,Sehjang,village,Manipur,273,1
n569053565,Boungjang,village,Manipur,154,1
n569053861,Patsoi,village,Manipur,0,0
n569067215,Koirengei,suburb,Manipur,0,0
n569067293,Kanglatongbi,village,Manipur,7152,1
n569067389,L. Haibung,village,Manipur,0,0
n569067433,Daili,village,Manipur,931,1
n569067442,Kangpokpi,town,Manipur,7476,1
n569067515,Tumuyon Khullen,village,Manipur,1625,1
n569067646,Senapati,town,Nagaland,5000,1
n569067667,Makeng Katomei,village,Nagaland,463,1
n569067702,Karong,village,Nagaland,0,0
n569068034,Maram,village,Nagaland,0,0
n569068450,Tadubi,village,Nagaland,0,0
n569068599,Mao Gate,village,Nagaland,0,0
n569068827,KIGWEMA Vlllage,village,Nagaland,0,0
n569069155,Chumukedima,town,Nagaland,25885,1
n569069510,Peducha,village,Nagaland,0,0
n569069644,Kiruphema Bawe,village,Nagaland,0,0
n569192397,Salsabari,village,Assam,0,0
n569194589,Boko,town,Assam,0,0
n569194737,Agia,village,Assam,0,0
n569195095,Krishnai,village,Assam,0,0
n569195257,Solmari,village,Assam,0,0
n569195342,Pancharatna,village,Assam,0,0
n569197078,Patgaon,village,Assam,0,0
n569198283,Chhaygaon,village,Assam,0,0
n569198749,Azara,suburb,Assam,0,0
n569316645,Falakata,town,West Bengal,0,0
n569317022,Railway Colony,suburb,Assam,0,0
n569317573,Agamoni,village,Assam,0,0
n569317975,Sonapur,village,Assam,0,0
n569318717,Bahalpur,village,Assam,0,0
n569440948,Karandighi,town,West Bengal,318800,1
n5714069407,Lanka,town,Assam,0,0
n5730492021,Thesoajur,hamlet,Assam,0,0
n5730778133,Golakganj,town,Assam,0,0
n5730778619,Gauripur,town,Assam,0,0
n5736469435,Tengakhat,village,Assam,0,0
n5749813511,Shokuvi,village,Nagaland,0,0
n5752464156,Khasjangal-II,village,West Bengal,0,0
n5753920113,Jojoli Panchali,hamlet,Assam,0,0
n5754174363,Nazira,town,Assam,0,0
n5754176320,Deopāni,hamlet,Assam,0,0
n5754176442,Athkhel,hamlet,Assam,0,0
n5754189169,Nirmoliagaon,hamlet,Assam,0,0
n575546641,Ghoom,village,West Bengal,0,0
n575546779,Darjeeling,city,West Bengal,118800,1
n5758970447,Kumai,village,Sikkim,0,0
n5763173072,Sirhi-Kuki,village,Nagaland,0,0
n5766110467,Mahur,town,Assam,0,0
n5769923230,Netsami,village,Nagaland,0,0
n5775677746,Kamarkuchi,village,Assam,0,0
n5779959525,Amraguri,hamlet,Assam,0,0
n5779960275,Rāngaijhora,hamlet,Assam,0,0
n5779960280,Āmguribāzār,village,Assam,0,0
n5779960396,Barābāzār,hamlet,Assam,0,0
n5779960783,Bijni,town,Assam,0,0
n5779960785,Ulubāri,hamlet,Assam,0,0
n5794288699,Rupasi Bāzār,hamlet,Assam,0,0
n5796962861,Tangla,town,Assam,0,0
n5796963915,Harisinga,village,Assam,0,0
n5797001321,Bachla,hamlet,Assam,0,0
n5797001388,Khola,hamlet,Assam,0,0
n5797001515,Dattapur,hamlet,Assam,0,0
n5797001557,Māhakāl,hamlet,Assam,0,0
n5801909444,Dighaljar,hamlet,Assam,0,0
n5803724428,Peren New Dist HQ,village,Assam,0,0
n5804672083,Timānbārtani,hamlet,Assam,0,0
n5867508668,Mapuia,hamlet,Assam,0,0
n5870320977,Heninkunglwa,village,Nagaland,0,0
n5893508199,Uriamghāt,hamlet,Nagaland,0,0
n5893508425,Sarupathar,town,Nagaland,0,0
n5894916808,Sohümi,village,Nagaland,0,0
n5895090710,Tsungar,village,Nagaland,0,0
n5896060918,Tamlu,town,Assam,0,0
n5903313818,Sechu Zubza,village,Nagaland,0,0
n5914129350,Jaboka,town,Assam,0,0
n5921311276,Wolam Nyukyan,village,Nagaland,2575,1
n5928695480,Bonkolong,village,Assam,0,0
n5928696309,Beisumpui,village,Assam,0,0
n5928696450,Athibung,village,Assam,0,0
n5936564620,Mahisashan,village,Assam,0,0
n5936564737,Balia,hamlet,Assam,0,0
n5971389324,Yonglok,village,Assam,0,0
n5971389338,Lāhangaon,hamlet,Assam,0,0
n6015351225,Noklak,town,Nagaland,0,0
n603491630,Tumlong,hamlet,Sikkim,0,0
n603492323,Bringbong,village,Sikkim,0,0
n603492984,Penlong,village,Sikkim,0,0
n603496800,Majitar,suburb,Sikkim,0,0
n603497219,Singtam,town,Sikkim,0,0
n603497501,Rangpo,town,Sikkim,0,0
n603538938,Ravangla,town,Sikkim,2282,1
n6102273624,Bālijāngaon,hamlet,Assam,0,0
n6102286623,Phāngchagāon,hamlet,Assam,0,0
n6105481079,Sildubi,hamlet,Assam,0,0
n6112240556,Bagānpāra,village,Assam,0,0
n6112553474,Niz Fulabri Part-III,hamlet,Assam,0,0
n6127804984,Matabhanga,town,Assam,0,0
n6154014503,Gonirgram Part-IV,hamlet,Assam,0,0
n6175514143,Mazuari,hamlet,Assam,0,0
n6176656093,Nāgābāt,hamlet,Assam,0,0
n6176771222,Kekang Ādanggaon,hamlet,Assam,0,0
n6176772127,Mara Bheti,hamlet,Assam,0,0
n6176772315,Kaliani,hamlet,Assam,0,0
n6176772330,Chakihola,hamlet,Assam,0,0
n6176986909,Ainachera T.E.,hamlet,Assam,0,0
n6186709665,Vantaiphai,village,Mizoram,0,0
n6188499361,Borapansury,village,Mizoram,0,0
n6189804838,Lohry (Laty),village,Mizoram,0,0
n6189805690,Saikao Khihthie,village,Mizoram,0,0
n6195177267,Kathalia,village,Tripura,0,0
n6195695014,Ampinagar,village,Tripura,0,0
n6197811107,Nutan Bazar,village,Tripura,0,0
n6208067802,N. Hlimen,village,Mizoram,0,0
n6211786360,Chawngte,village,Mizoram,0,0
n6213054276,Vahia,village,Mizoram,0,0
n6223526153,Sopleng,village,Manipur,0,0
n6223527138,Rishophung,village,Manipur,354,1
n6223527664,Bongbal Khullen,village,Manipur,304,1
n6223527899,Kamuching,village,Manipur,789,1
n6223527931,Nungbrang,village,Manipur,0,0
n6223528196,Changamdabi,village,Manipur,0,0
n6229199391,National Games Village,suburb,Manipur,0,0
n6229200943,Kangchup Geljang,village,Manipur,358,1
n6231259831,Nāgātila,hamlet,Assam,0,0
n6231259833,Bhubandhar No.6,hamlet,Assam,0,0
n6231259837,Sukhtala,hamlet,Assam,0,0
n6231259869,Mahādebpur,hamlet,Assam,0,0
n6231259873,Dholai,village,Assam,0,0
n6237090886,Monjrong Khulen,hamlet,Manipur,0,0
n6237092078,Gaidimjang II,village,Manipur,0,0
n6237756760,Molnoi,village,Manipur,0,0
n6237756762,Palel,town,Manipur,0,0
n6240163841,Ganganagar,village,Tripura,0,0
n6241313902,Allenpur,hamlet,Assam,0,0
n6241313911,Nawābil,hamlet,Assam,0,0
n6241721427,Srikona,village,Assam,0,0
n6241721442,Ratpur,hamlet,Assam,0,0
n6246892055,Dīwāngaon,hamlet,Assam,0,0
n6247256785,Imphoi,hamlet,Assam,0,0
n6247256860,Boljāng,hamlet,Assam,0,0
n6247259771,Binnakandi,village,Assam,0,0
n6251241624,Nablaidisa,hamlet,Assam,0,0
n6251457193,Dārangibra,hamlet,Assam,0,0
n6251457365,Dārangbra,hamlet,Assam,0,0
n6251457713,Nūtan Bātāri,hamlet,Assam,0,0
n6251457871,Purānā Hājong,hamlet,Assam,0,0
n6251548682,New Khunophung,hamlet,Manipur,0,0
n6253840325,Nongbah,village,Meghalaya,0,0
n6255618580,Smit,village,Meghalaya,0,0
n6258651483,Jātinga,hamlet,Assam,0,0
n6258654598,Jātinga,hamlet,Assam,0,0
n6258654613,Āthāratila,hamlet,Assam,0,0
n6258654614,Panibhara Part I,hamlet,Assam,0,0
n6258772330,Umtal,village,Manipur,200,1
n6259489615,Pālai,hamlet,Assam,0,0
n6259491193,Bāshkhāl,hamlet,Assam,0,0
n6259491241,Derby T.E.,hamlet,Assam,0,0
n6259491420,Allenpur,hamlet,Assam,0,0
n6261456180,Chotojalenga iV,hamlet,Assam,0,0
n6262212035,Chutrasāngan,hamlet,Assam,0,0
n6262442470,Māchhkhāl,hamlet,Assam,0,0
n6262443163,Chengjur,hamlet,Assam,0,0
n6264797114,Dokmoka,village,Assam,0,0
n6265478884,Dighaljār,hamlet,Assam,0,0
n6265479424,Dighaljār,hamlet,Assam,0,0
n6265479464,Chaudhari Bāzār,hamlet,Assam,0,0
n6265607497,Amrāguri,hamlet,Assam,0,0
n6268439594,Siji,village,Assam,0,0
n6268440829,Karlo,village,Assam,0,0
n6268442343,Chisi,village,Assam,0,0
n6268442454,Pading Village,village,Assam,0,0
n6286331577,Thizama,village,Nagaland,0,0
n6338287389,Katlicherra,town,Mizoram,0,0
n6338319732,Tingārgul,hamlet,Assam,0,0
n6341037283,New Lamka,village,Manipur,0,0
n653096746,Chandmari,suburb,Assam,0,0
n653096764,Ganeshguri,suburb,Assam,0,0
n653096771,Japorigog,suburb,Assam,0,0
n653096774,Ambikagiri Nagar,suburb,Assam,0,0
n653096822,Noonmati Refinery,suburb,Assam,0,0
n653096938,Narengi,suburb,Assam,0,0
n653096955,Guwahati Club,suburb,Assam,0,0
n653096968,Guwahati,city,Assam,1000000,1
n653097008,Gitanagar,suburb,Assam,0,0
n653097024,Zoo Rd Tiniali,suburb,Assam,0,0
n653097048,Silpukhuri,suburb,Assam,0,0
n653097300,Kamakhya Dham,suburb,Assam,0,0
n653097342,Shantipur,suburb,Assam,0,0
n653097352,Bharalumukh,suburb,Assam,0,0
n653097355,Machkhowa,suburb,Assam,0,0
n653097365,Fancy Bazaar,suburb,Assam,0,0
n653107330,Birubari,suburb,Assam,0,0
n653109503,Aathgaon,suburb,Assam,0,0
n653996522,Sawkuchi,suburb,Assam,0,0
n653997343,Lalmati,suburb,Assam,0,0
n653997349,Bhetapara,suburb,Assam,0,0
n653997350,Ghoramara Chariali,suburb,Assam,0,0
n653997362,Kahilipara,suburb,Assam,0,0
n653997443,Lalganesh,suburb,Assam,0,0
n653997449,Anil Nagar,suburb,Assam,0,0
n664138101,Umsning,village,Meghalaya,0,0
n664138171,Myrdon,village,Meghalaya,0,0
n664140218,Nongpoh,town,Meghalaya,0,0
n6708332985,Naharkatia,town,Assam,0,0
n6710132444,"Rājgarh ,786611",hamlet,Assam,0,0
n6712175062,Burhi Khow,village,Assam,0,0
n6723554614,Bamutia,village,Tripura,0,0
n6728189225,Kulajan,town,Assam,0,0
n6728629916,Dikom,village,Assam,0,0
n673551549,Kamarpur,village,Meghalaya,0,0
n673551771,Bhaktagaon,village,Meghalaya,0,0
n673551785,Sildubi,village,Meghalaya,0,0
n6736634107,Ketetong (Singpho Village),village,Assam,0,0
n6736634121,Ketetong Market,village,Assam,0,0
n6736634124,Ing Thong (Singpho Village),village,Assam,0,0
n6742707532,Baghjan Gaon,hamlet,Assam,0,0
n6780474636,Palongdhepa,hamlet,Assam,0,0
n6867526200,Kliehtryshi,village,Meghalaya,0,0
n692800696,Sukna,village,West Bengal,0,0
n692800829,Kurseong,town,West Bengal,0,0
n697273393,Hasimara,village,West Bengal,0,0
n697273409,Old Hasimara,village,West Bengal,0,0
n697273422,Bharnobari Tea Garden,village,West Bengal,6626,1
n697273439,Dalsingpara,village,West Bengal,0,0
n697273490,Raigaon,suburb,Sikkim,0,0
n697273497,Jaigaon,town,Sikkim,0,0
n703561197,Sumbuk,village,Sikkim,0,0
n7045996651,Amotlah,village,Mizoram,0,0
n715137671,Chabua,town,Assam,0,0
n7160576571,Phaikoh,village,Manipur,391,1
n7160990194,Kamalpur,town,Tripura,11000,1
n7206704689,Seppa,city,Arunachal Pradesh,0,0
n7206704704,Pachi Camp,village,Arunachal Pradesh,0,0
n7206705199,Fachang,village,Arunachal Pradesh,0,0
n7206705209,Sanoragma,village,Arunachal Pradesh,0,0
n7216824088,Mualkang,village,Mizoram,0,0
n746951021,Dett Rupai,village,Assam,0,0
n7596494192,Chakpi Karong,village,Manipur,1569,1
n7677540658,Tilan Muslimpara,hamlet,West Bengal,0,0
n774477557,Risop,hamlet,Sikkim,0,0
n7781216150,Suklai,village,Assam,0,0
n7868916815,Phulhara,village,West Bengal,11113,1
n7869361842,Natun Dilokthai,hamlet,Assam,0,0
n7869377918,Langting,town,Assam,0,0
n7869403304,Salikāntapur,hamlet,Assam,0,0
n7869403375,Kalachand,village,Assam,0,0
n7869411208,Didāokha,hamlet,Assam,0,0
n7869411257,Mupa,village,Assam,0,0
n7869434217,Jorāi Bātāri,hamlet,Assam,0,0
n7869434264,Semdhikar,hamlet,Assam,0,0
n7947044583,Nij Lahoāl,hamlet,Assam,0,0
n8007236790,Dashdarga,village,West Bengal,0,0
n8211834970,Kalamdia,hamlet,Arunachal Pradesh,77,1
n8224210888,Aprunli,hamlet,Arunachal Pradesh,0,0
n829889203,Jalpaiguri,city,West Bengal,107400,1
n831395848,Meka,village,Arunachal Pradesh,0,0
n8318501431,Tato,village,Arunachal Pradesh,0,0
n8318501682,Lungte,hamlet,Arunachal Pradesh,0,0
n8318502060,Kangte,village,Arunachal Pradesh,0,0
n8318502581,Pidi,village,Arunachal Pradesh,0,0
n8318502697,Lamak,village,Arunachal Pradesh,0,0
n8318502775,Nutin,hamlet,Arunachal Pradesh,0,0
n8318502825,Jorong,hamlet,Arunachal Pradesh,0,0
n8318560682,Taiyong,hamlet,Arunachal Pradesh,0,0
n8318560687,Sheet,village,Arunachal Pradesh,0,0
n8318562872,Yangrang,hamlet,Arunachal Pradesh,0,0
n8318563333,Damsong,village,Arunachal Pradesh,0,0
n8318563540,Gapur,village,Arunachal Pradesh,83,1
n8318564632,Chingo,village,Arunachal Pradesh,0,0
n832590787,Silghat,village,Assam,0,0
n8344614438,Simong,village,Arunachal Pradesh,0,0
n8344614472,Karko,village,Arunachal Pradesh,0,0
n8345276442,Gette,village,Arunachal Pradesh,0,0
n835158853,Fatapukur,village,West Bengal,0,0
n835158982,Talma Haat,village,West Bengal,0,0
n835159567,Parasuram Kund,village,Arunachal Pradesh,0,0
n835159733,Raninagar,suburb,West Bengal,0,0
n835159753,Ziro-Kamja,village,Arunachal Pradesh,0,0
n835159997,Mahadevpur,village,Arunachal Pradesh,0,0
n835160408,Chongkham,town,Arunachal Pradesh,0,0
n835160429,Tengapani,town,Arunachal Pradesh,0,0
n835188809,Musai,village,Arunachal Pradesh,262,1
n835188872,Krowti Labour Camp,hamlet,Arunachal Pradesh,29,1
n835188922,Warti,hamlet,Arunachal Pradesh,84,1
n835188929,Sarti,hamlet,Arunachal Pradesh,0,0
n835188967,Krowti,village,Arunachal Pradesh,27,1
n835188995,Tinai,village,Arunachal Pradesh,57,1
n835189739,Menilkrai,village,Arunachal Pradesh,0,0
n835189752,Kibithu,town,Arunachal Pradesh,0,0
n835196251,Jalakia Suti,village,Assam,0,0
n835196291,Akajan Miri,village,Assam,0,0
n835196299,No. 2 Chila Pathar,hamlet,Assam,0,0
n835196345,Silapathar,town,Assam,0,0
n835235785,Daporijo,town,Arunachal Pradesh,0,0
n835236272,Gali,village,Assam,0,0
n835236359,Kebang,village,Arunachal Pradesh,0,0
n835236429,Oyan,village,Arunachal Pradesh,0,0
n835236474,Ruksin,suburb,Arunachal Pradesh,0,0
n835236532,Oyan,town,Arunachal Pradesh,0,0
n835237088,Dorje Jeku,village,Arunachal Pradesh,0,0
n835237136,Boikunthapur,village,Assam,700,1
n835239702,Sikari,village,Assam,0,0
n835240693,Rest-Camp,village,Assam,0,0
n835241083,Jonai,town,Arunachal Pradesh,1000,1
n835242226,Kuli Tiniali,village,Arunachal Pradesh,0,0
n835242397,Laimekuri,village,Assam,0,0
n835331777,Doimukh,town,Arunachal Pradesh,0,0
n835331873,Bogoli,village,Arunachal Pradesh,0,0
n835332183,Itanagar,city,Arunachal Pradesh,5000,1
n835332216,Hoj,village,Arunachal Pradesh,0,0
n835353480,Old Ziro,village,Arunachal Pradesh,0,0
n8426671146,Toru,village,Arunachal Pradesh,0,0
n8427511599,古辛,hamlet,Arunachal Pradesh,0,0
n856798332,Raga,city,Arunachal Pradesh,0,0
n8677138910,Pakke Kessang,village,Arunachal Pradesh,0,0
n8677149298,Lemmi,city,Arunachal Pradesh,0,0
n8890517300,Paya,hamlet,Arunachal Pradesh,0,0
n8890657875,米利姆,village,Arunachal Pradesh,0,0
n8891072814,Hanhchara,village,Assam,0,0
n8939984141,阿马土拉,village,Assam,0,0
n8958975124,Moirabari,town,Assam,0,0
n8972252273,Barapujia,town,Assam,0,0
n8986234964,Madarihat,town,West Bengal,0,0
n9032249068,Bagafa,town,Tripura,0,0
n904878222,NK Darranga,village,Assam,0,0
n904878767,Rangia,town,Assam,0,0
n9195888914,Nongdam,village,Manipur,0,0
n9195889006,Maphou Kuki East,village,Manipur,0,0
n9225808254,Grage,village,Arunachal Pradesh,0,0
n9235294584,Mekhliganj,town,West Bengal,9217,1
n9280365404,Tezu,town,Arunachal Pradesh,0,0
n9317365493,Lengeri Gaon,village,Assam,0,0
n9320265610,Kangchup Songlung,village,Manipur,274,1
n9393177813,Kurijhār,hamlet,Assam,0,0
n9396862470,Semma,village,Arunachal Pradesh,0,0
n9396873796,Tabio,village,Arunachal Pradesh,0,0
n9396878651,Leporiang,village,Arunachal Pradesh,0,0
n9404074280,得吉,village,Arunachal Pradesh,0,0
n9436791502,Sialtor Taranjanbari,village,West Bengal,0,0
n9436791512,Kutumposa,village,West Bengal,0,0
n9436795777,Bolhanja,village,West Bengal,2880,1
n9436886001,Barhat,village,West Bengal,0,0
n9514996937,Dhemaji,town,Assam,0,0
n9566681110,Honjāngoan,hamlet,Arunachal Pradesh,0,0
n9566699526,Morābāri,hamlet,Arunachal Pradesh,0,0
n9566699565,Kailāshpu,village,Arunachal Pradesh,0,0
n958034647,Borhapjan,village,Assam,0,0
n958034891,Doom Dooma,town,Assam,0,0
n958036050,Bhismaknagar,hamlet,Arunachal Pradesh,0,0
n958036159,Makum,town,Assam,0,0
n958143733,Mereli Pathar,village,Assam,0,0
n958143785,Lāhoāl Pātra,hamlet,Assam,0,0
n958144178,Panitola,village,Assam,0,0
n9602451390,Seijang,village,Manipur,0,0
n9602558638,Keibi Hekakmapal,village,Manipur,0,0
n9603015276,Mantripukhri,village,Manipur,0,0
n9628772871,Chy,hamlet,West Bengal,0,0
n9644790306,Pūrba Sālnāri,hamlet,West Bengal,0,0
n9648453439,Neora Nadi Tea Garden,village,West Bengal,0,0
n9667487837,Piphema,village,Nagaland,0,0
n9673980884,Pangei,village,Manipur,0,0
n9697194369,Khariyābhetāgoan,hamlet,Assam,0,0
n9699656425,Khowāng,village,Assam,0,0
n9712876629,Larāngerpār,hamlet,Assam,0,0
n9712880189,Sayedpur,hamlet,Assam,0,0
n9712901162,Harinagar,hamlet,Assam,0,0
n9713749504,Rajatilla,hamlet,Assam,0,0
n9720293884,Dakshin Mohanpur,hamlet,Assam,0,0
n9721852060,Nagdirgrām,hamlet,Assam,0,0
n9721974647,Nandagrām,hamlet,Assam,0,0
n9722064371,Rekhāthal,hamlet,Assam,0,0
n974476728,Rimbi,village,Sikkim,0,0
n974648649,Damthang,village,Sikkim,0,0
n974649366,Tarku,village,Sikkim,0,0
n974750727,Mangan,town,Sikkim,5000,1
n974758518,Dikchu,village,Sikkim,0,0
n974762520,Raley,village,Sikkim,0,0
n974862524,Rumtek,hamlet,Sikkim,0,0
n975632561,Jayanagar,suburb,Assam,0,0
n975632584,Duliajan,town,Assam,0,0
n975649155,Settlement Area,suburb,Assam,0,0
n977423743,Tipling,suburb,Assam,0,0
n983120116,Ranipool,suburb,Sikkim,0,0
n9834404366,Bagribari,village,Assam,0,0
n985076183,Namchi,town,Sikkim,5000,1
n9909087694,Tulihal,suburb,Manipur,0,0
n9926237071,Phukangaon,village,Assam,0,0
n9933292694,Margherita,town,Assam,0,0
